<?xml version="1.0" encoding="UTF-8" standalone="yes"?>
<addon id="service.translatarr" name="Translatarr" version="1.4.6" provider-name="Addonniss">
    <requires>
        <import addon="xbmc.python" version="3.0.0"/>
        <import addon="script.module.requests" version="2.25.1"/>
    </requires>
    <extension point="xbmc.service" library="service.py" start="login"/>
    <extension point="xbmc.python.script" library="service.py">
        <provides>executable</provides>
    </extension>
    <extension point="kodi.addon.metadata">
        <summary lang="en_GB">AI-Powered Subtitle Translator using Google Gemini</summary>
        <description lang="en_GB">Automatically detects and translates movie subtitles into your preferred language using the Gemini preffered model. Features smart media matching and English-priority source selection.</description>
        <platform>all</platform>
        <license>GPL-2.0-only</license>
        <assets>
            <icon>icon.png</icon>
            <fanart>fanart.jpg</fanart>
        </assets>
    </extension>
</addon>
























