<?xml version="1.0" encoding="UTF-8" standalone="yes"?>
<addon id="service.translatarr" name="Translatarr" version="1.0.1" provider-name="Addonniss">
    <requires>
        <import addon="xbmc.python" version="3.0.0"/>
        <import addon="script.module.requests" version="2.25.1"/>
    </requires>
    
    <extension point="xbmc.python.script" library="service.py">
        <provides>executable</provides>
    </extension>
    
    <extension point="xbmc.service" library="service.py" start="login"/>
    <extension point="xbmc.addon.metadata">
        <summary lang="en_GB">AI Subtitle Translator (Translatarr)</summary>
        <description lang="en_GB">Automatically translates subtitles using Gemini AI. Found in Program Add-ons and runs as a background service.</description>
        <platform>all</platform>
        <assets>
            <icon>icon.png</icon>
        </assets>
    </extension>
</addon>




